﻿<?xml version="1.0" encoding="utf-8" ?>
<ScadaInstanceConfig>
  <Culture>en-GB</Culture>
  <LogDir>/var/log/scada/</LogDir>
  <ActiveStorage>FileStorage</ActiveStorage>  
  <Storages>
    <Storage code="FileStorage">
      <ViewAvailable>false</ViewAvailable>
    </Storage>
    <Storage code="PostgreSqlStorage">
      <ViewAvailable>true</ViewAvailable>
      <WaitTimeout>30</WaitTimeout>
      <Connection>
        <Name>PostgreConn</Name>
        <Server>localhost</Server>
        <Database>rapid_scada</Database>
        <Username>postgres</Username>
        <Password>4D83D8AEB31C1B40335A78AF3539DD22</Password>
        <ConnectionString />
      </Connection>
    </Storage>
  </Storages>
</ScadaInstanceConfig>
